	centri_weight	threshold	precision	recall	f1	accuracy	accuracy_on_negatives
validation	2.0	-13.04	0.8772737979888916	0.8954935669898987	0.8862900733947754	0.9791107773780824	0.9874724745750428
testing	2.0	-13.04	0.8769153356552124	0.8935676217079163	0.8851631283760071	0.9789223074913025	0.987457811832428
